Date,Product,Sales,Region,Profit
2026-01-01,Laptop,55000,North,8000
2026-01-03,Mobile,30000,West,5000
2026-01-05,Tablet,25000,South,4000
2026-01-08,Laptop,62000,East,9500
2026-01-10,Mobile,35000,North,6000
2026-01-12,Tablet,28000,West,4500
2026-01-15,Laptop,70000,South,11000
2026-01-18,Mobile,32000,East,5500
2026-01-20,Tablet,27000,North,4200
2026-01-22,Laptop,65000,West,10000
2026-02-01,Mobile,38000,South,6500
2026-02-04,Tablet,29000,East,4800
2026-02-07,Laptop,72000,North,12000
2026-02-10,Mobile,40000,West,7000
2026-02-13,Tablet,31000,South,5200
2026-02-16,Laptop,68000,East,10500
2026-02-19,Mobile,36000,North,6200
2026-02-22,Tablet,30000,West,5000
2026-02-25,Laptop,75000,South,12500
2026-02-28,Mobile,42000,East,7500